"Timestamp","–ü–æ–ª","–í–æ–∑—Ä–∞—Å—Ç–Ω–∞—è –≥—Ä—É–ø–ø–∞","–°–µ–º–µ–π–Ω–æ–µ –ø–æ–ª–æ–∂–µ–Ω–∏–µ","–¢–∏–ø –≥–æ—Ä–æ–¥–∞ –ø—Ä–æ–∂–∏–≤–∞–Ω–∏—è","–ö–æ–ª–∏—á–µ—Å—Ç–≤–æ –∏—Å–ø–æ–ª—å–∑—É–µ–º—ã—Ö –±–∞–Ω–∫–æ–≤ (—Ü–∏—Ñ—Ä–∞)","–ö–æ–ª–∏—á–µ—Å—Ç–≤–æ –¥–µ–±–µ—Ç–æ–≤—ã—Ö –∫–∞—Ä—Ç","–ö–æ–ª–∏—á–µ—Å—Ç–≤–æ –∫—Ä–µ–¥–∏—Ç–Ω—ã—Ö –∫–∞—Ä—Ç","–ö–æ–ª–∏—á–µ—Å—Ç–≤–æ  –ø—Ä–∏–ª–æ–∂–µ–Ω–∏–π —Ä–∞–∑–Ω—ã—Ö –±–∞–Ω–∫–æ–≤","–ß–∞—Å—Ç–æ—Ç–∞ –∏—Å–ø–æ–ª—å–∑–æ–≤–∞–Ω–∏—è –ø—Ä–∏–ª–æ–∂–µ–Ω–∏—è, –≤ –º–µ—Å—è—Ü (–ø—Ä–∏–º–µ—Ä–Ω–æ–µ –∫–æ–ª–∏—á–µ—Å—Ç–≤–æ —Ä–∞–∑)","–°–∞–º–∞—è —á–∞—Å—Ç–∞—è –æ–ø–µ—Ä–∞—Ü–∏—è","–ö–∞–∫–æ–π —Ñ—É–Ω–∫—Ü–∏–∏ –≤–∞–º –Ω–µ —Ö–≤–∞—Ç–∞–µ—Ç"
"2023/03/05 6:12:03 PM GMT+2","–ñ–µ–Ω—Å–∫–∏–π","25 - 34","–ù–µ –∑–∞–º—É–∂–µ–º (—Ö–æ–ª–æ—Å—Ç)","–ö—Ä—É–ø–Ω–µ–π—à–∏–µ (–æ—Ç 1 –º–ª–Ω –∂–∏—Ç–µ–ª–µ–π)","3","3","0","2","20","–ü–µ—Ä–µ–≤–æ–¥ —Å—Ä–µ–¥—Å—Ç–≤ –¥—Ä—É–≥–æ–º—É –ª–∏—Ü—É","—á—Ç–æ–± –ø–æ –∫–∞—Ç–µ–≥–æ—Ä–∏—è–º –ª—É—á—à–µ —Ä–∞–∑–±–∏–≤–∞–ª–æ—Å—å"
"2023/03/05 8:43:37 PM GMT+2","–ñ–µ–Ω—Å–∫–∏–π","25 - 34","–ù–µ –∑–∞–º—É–∂–µ–º (—Ö–æ–ª–æ—Å—Ç)","–ö—Ä—É–ø–Ω–µ–π—à–∏–µ (–æ—Ç 1 –º–ª–Ω –∂–∏—Ç–µ–ª–µ–π)","3","3","1","4","20","–°–º–æ—Ç—Ä—é –∏—Å—Ç–æ—Ä–∏—é –æ–ø–µ—Ä–∞—Ü–∏–π",""
"2023/03/06 7:02:01 AM GMT+2","–ñ–µ–Ω—Å–∫–∏–π","45 - 54","–ù–µ –∑–∞–º—É–∂–µ–º (—Ö–æ–ª–æ—Å—Ç)","–ö—Ä—É–ø–Ω–µ–π—à–∏–µ (–æ—Ç 1 –º–ª–Ω –∂–∏—Ç–µ–ª–µ–π)","4","3","1","4","30","–ø–µ—Ä–µ–≤–æ–¥ –º–µ–∂–¥—É —Å–≤–æ–∏–º–∏ —Å—á–µ—Ç–∞–º–∏",""
"2023/03/06 9:36:56 AM GMT+2","–ñ–µ–Ω—Å–∫–∏–π","18 - 25","–ù–µ –∑–∞–º—É–∂–µ–º (—Ö–æ–ª–æ—Å—Ç)","–ö—Ä—É–ø–Ω–µ–π—à–∏–µ (–æ—Ç 1 –º–ª–Ω –∂–∏—Ç–µ–ª–µ–π)","3","2","2","3","50","–ü—Ä–æ–≤–µ—Ä–∫–∞ –±–∞–ª–∞–Ω—Å–∞","–¢–∞–∫–æ–π –Ω–µ—Ç"
"2023/03/06 11:43:05 AM GMT+2","–ñ–µ–Ω—Å–∫–∏–π","35 - 44","–ù–µ –∑–∞–º—É–∂–µ–º (—Ö–æ–ª–æ—Å—Ç)","–ö—Ä—É–ø–Ω–µ–π—à–∏–µ (–æ—Ç 1 –º–ª–Ω –∂–∏—Ç–µ–ª–µ–π)","4","5","0","4","","–ü—Ä–æ—á–∏–µ –æ–ø–ª–∞—Ç—ã (–∫—Ä–µ–¥–∏—Ç—ã, –∫–æ–º—É–Ω–∞–ª—å–Ω—ã–µ —É—Å–ª—É–≥–∏)",""
"2023/03/06 11:49:20 AM GMT+2","–ú—É–∂—Å–∫–æ–π","35 - 44","–í –±—Ä–∞–∫–µ ( –≤ —Ç.—á. –≥—Ä–∞–∂–¥–∞–Ω—Å–∫–æ–º)","–ö—Ä—É–ø–Ω—ã–µ (–æ—Ç 250 —Ç—ã—Å –¥–æ 1 –º–ª–Ω)","2","4","1","2","20","–ü–µ—Ä–µ–≤–æ–¥ —Å—Ä–µ–¥—Å—Ç–≤ –¥—Ä—É–≥–æ–º—É –ª–∏—Ü—É",""
"2023/03/06 1:27:26 PM GMT+2","–ñ–µ–Ω—Å–∫–∏–π","35 - 44","–í –±—Ä–∞–∫–µ ( –≤ —Ç.—á. –≥—Ä–∞–∂–¥–∞–Ω—Å–∫–æ–º)","–ö—Ä—É–ø–Ω–µ–π—à–∏–µ (–æ—Ç 1 –º–ª–Ω –∂–∏—Ç–µ–ª–µ–π)","2","2","0","2","30","–ü–µ—Ä–µ–≤–æ–¥ —Å—Ä–µ–¥—Å—Ç–≤ –¥—Ä—É–≥–æ–º—É –ª–∏—Ü—É","—É–¥–æ–±—Å—Ç–≤–∞) "
"2023/03/06 5:09:38 PM GMT+2","–ñ–µ–Ω—Å–∫–∏–π","25 - 34","–í –±—Ä–∞–∫–µ ( –≤ —Ç.—á. –≥—Ä–∞–∂–¥–∞–Ω—Å–∫–æ–º)","–ö—Ä—É–ø–Ω–µ–π—à–∏–µ (–æ—Ç 1 –º–ª–Ω –∂–∏—Ç–µ–ª–µ–π)","3","5","0","3","45","–°–æ–≤–µ—Ä—à–µ–Ω–∏–µ –ø–æ–∫—É–ø–∫–∏","–ù–æ—Ä–º–∞–ª—å–Ω–æ–π —Å—Ç–∞—Ç–∏—Å—Ç–∏–∫–∏ —Å —Ç—Ä–∞—Ç–∞–º–∏, —á—Ç–æ–±—ã —Ç–∞–º –Ω–µ —É—á–∏—Ç—ã–≤–∞–ª–∏—Å—å –ø–µ—Ä–µ–≤–æ–¥—ã –º–µ–∂–¥—É —Å—á–µ—Ç–∞–º–∏ –∏ –¥—Ä—É–≥–∏–º –ø–æ–ª—å–∑–æ–≤–∞—Ç–µ–ª—è–º"
"2023/03/06 8:12:22 PM GMT+2","–ú—É–∂—Å–∫–æ–π","25 - 34","–í –±—Ä–∞–∫–µ ( –≤ —Ç.—á. –≥—Ä–∞–∂–¥–∞–Ω—Å–∫–æ–º)","–°–µ–ª—å—Å–∫–∏–µ –ø–æ—Å–µ–ª–µ–Ω–∏—è (–ø–æ—Å–µ–ª–∫–∏, –¥–µ—Ä–µ–≤–Ω–∏,—Å–µ–ª–∞)","3","2","0","3","8","–ü—Ä–æ–≤–µ—Ä–∫–∞ –±–∞–ª–∞–Ω—Å–∞",""
"2023/03/07 2:17:01 PM GMT+2","–ñ–µ–Ω—Å–∫–∏–π","18 - 24","–ù–µ –∑–∞–º—É–∂–µ–º (—Ö–æ–ª–æ—Å—Ç)","–ö—Ä—É–ø–Ω–µ–π—à–∏–µ (–æ—Ç 1 –º–ª–Ω –∂–∏—Ç–µ–ª–µ–π)","3","3","0","4","60","–°–æ–≤–µ—Ä—à–µ–Ω–∏–µ –ø–æ–∫—É–ø–∫–∏",""
"2023/03/07 2:17:41 PM GMT+2","–ú—É–∂—Å–∫–æ–π","25 - 34","–í –±—Ä–∞–∫–µ ( –≤ —Ç.—á. –≥—Ä–∞–∂–¥–∞–Ω—Å–∫–æ–º)","–ö—Ä—É–ø–Ω–µ–π—à–∏–µ (–æ—Ç 1 –º–ª–Ω –∂–∏—Ç–µ–ª–µ–π)","3","2","2","3","10","–ü–µ—Ä–µ–≤–æ–¥ —Å—Ä–µ–¥—Å—Ç–≤ –¥—Ä—É–≥–æ–º—É –ª–∏—Ü—É","–£–±—Ä–∞—Ç—å –≤—Å—é —Ä–µ–∫–ª–∞–º—É "
"2023/03/07 2:19:38 PM GMT+2","–ñ–µ–Ω—Å–∫–∏–π","25 - 34","–ù–µ –∑–∞–º—É–∂–µ–º (—Ö–æ–ª–æ—Å—Ç)","–ö—Ä—É–ø–Ω–µ–π—à–∏–µ (–æ—Ç 1 –º–ª–Ω –∂–∏—Ç–µ–ª–µ–π)","1","5","1","1","30","–ü—Ä–æ–≤–µ—Ä–∫–∞ –±–∞–ª–∞–Ω—Å–∞","–ë–µ—Å–ø–ª–∞—Ç–Ω—ã–µ –¥–µ–Ω—å–≥–∏"
"2023/03/07 2:21:36 PM GMT+2","–ú—É–∂—Å–∫–æ–π","35 - 44","–í –±—Ä–∞–∫–µ ( –≤ —Ç.—á. –≥—Ä–∞–∂–¥–∞–Ω—Å–∫–æ–º)","–ö—Ä—É–ø–Ω–µ–π—à–∏–µ (–æ—Ç 1 –º–ª–Ω –∂–∏—Ç–µ–ª–µ–π)","5","5","5","5","20","–ü—Ä–æ–≤–µ—Ä–∫–∞ –±–∞–ª–∞–Ω—Å–∞",""
"2023/03/07 2:23:33 PM GMT+2","–ñ–µ–Ω—Å–∫–∏–π","25 - 34","–í –±—Ä–∞–∫–µ ( –≤ —Ç.—á. –≥—Ä–∞–∂–¥–∞–Ω—Å–∫–æ–º)","–ö—Ä—É–ø–Ω–µ–π—à–∏–µ (–æ—Ç 1 –º–ª–Ω –∂–∏—Ç–µ–ª–µ–π)","1","1","0","1","20","–ü—Ä–æ–≤–µ—Ä–∫–∞ –±–∞–ª–∞–Ω—Å–∞",""
"2023/03/07 2:26:37 PM GMT+2","–ñ–µ–Ω—Å–∫–∏–π","25 - 34","–í –±—Ä–∞–∫–µ ( –≤ —Ç.—á. –≥—Ä–∞–∂–¥–∞–Ω—Å–∫–æ–º)","–ö—Ä—É–ø–Ω–µ–π—à–∏–µ (–æ—Ç 1 –º–ª–Ω –∂–∏—Ç–µ–ª–µ–π)","1","1","0","3","–ø–æ—á—Ç–∏ –∫–∞–∂–¥—ã–π –¥–µ–Ω—å","–ü—Ä–æ–≤–µ—Ä–∫–∞ –±–∞–ª–∞–Ω—Å–∞",""
"2023/03/07 2:28:14 PM GMT+2","–ú—É–∂—Å–∫–æ–π","25 - 34","–ù–µ –∑–∞–º—É–∂–µ–º (—Ö–æ–ª–æ—Å—Ç)","–ö—Ä—É–ø–Ω–µ–π—à–∏–µ (–æ—Ç 1 –º–ª–Ω –∂–∏—Ç–µ–ª–µ–π)","3","3","3","5","30","–ü–µ—Ä–µ–≤–æ–¥ —Å—Ä–µ–¥—Å—Ç–≤ –¥—Ä—É–≥–æ–º—É –ª–∏—Ü—É","–ê–≤—Ç–æ–º–∞—Ç–∏—á–µ—Å–∫–∏–π –ø–µ—Ä–µ–≤–æ–¥ –Ω–µ–∫–æ–π —Å—É–º–º—ã —Å –ø–æ–∫—É–ø–∫–∏ –Ω–∞ –∫–∞–∫—É—é —Ç–æ —Ü–µ–ª—å. –ù–∞–ø—Ä–∏–º–µ—Ä –æ—Ç–∫–ª–∞–¥—ã–≤–∞—Ç—å –Ω–∞ –ø–æ–∫—É–ø–∫—É –∫–∞—Ä—Ç—Ä–∏–¥–∂–∞ —Å –ø–æ–∫—É–ø–∫–∏ –±—É–º–∞–≥–∏, –æ—Ç–∫–ª–∞–¥—ã–≤–∞—Ç—å –Ω–∞ –±—É–¥—É—â–µ–µ –¢–û —Å –æ–ø–ª–∞—Ç—ã –±–µ–Ω–∑–∏–Ω–∞ –∏–ª–∏ –Ω–∞ —Å–ø–æ—Ä—Ç–∑–∞–ª —Å –ø–æ–∫—É–ø–∫–∏ –±—É–ª–æ—á–∫–∏ üòÅüåπ‚ù§Ô∏è"
"2023/03/07 2:33:28 PM GMT+2","–ñ–µ–Ω—Å–∫–∏–π","18 - 24","–ù–µ –∑–∞–º—É–∂–µ–º (—Ö–æ–ª–æ—Å—Ç)","–ö—Ä—É–ø–Ω–µ–π—à–∏–µ (–æ—Ç 1 –º–ª–Ω –∂–∏—Ç–µ–ª–µ–π)","2","2","0","2","6","–°–æ–≤–µ—Ä—à–µ–Ω–∏–µ –ø–æ–∫—É–ø–∫–∏","–≤—Ä–æ–¥–µ –≤—Å–µ–≥–æ —Ö–≤–∞—Ç–∞–µ—Ç)"
"2023/03/07 2:38:26 PM GMT+2","–ñ–µ–Ω—Å–∫–∏–π","35 - 44","–í –±—Ä–∞–∫–µ ( –≤ —Ç.—á. –≥—Ä–∞–∂–¥–∞–Ω—Å–∫–æ–º)","–ö—Ä—É–ø–Ω–µ–π—à–∏–µ (–æ—Ç 1 –º–ª–Ω –∂–∏—Ç–µ–ª–µ–π)","7","11 - –≤—Å–µ–≥–æ, –∞–∫—Ç–∏–≤–Ω–æ –∏—Å–ø–æ–ª—å–∑—É–µ–º—ã—Ö - 4","4","7","–û—Ç 1 –¥–æ 50, –≤ –∑–∞–≤–∏—Å–∏–º–æ—Å—Ç–∏ –æ—Ç –±–∞–Ω–∫–∞","–°–æ–≤–µ—Ä—à–µ–Ω–∏–µ –ø–æ–∫—É–ø–∫–∏","–í—Å–µ–≥–æ —Ö–≤–∞—Ç–∞–µ—Ç. –ù–∞–¥–æ–µ–ª–∏ –±–µ—Å–∫–æ–Ω–µ—á–Ω—ã–µ –æ–±–Ω–æ–≤–ª–µ–Ω–∏—è –ø—Ä–∏–ª–æ–∂–µ–Ω–∏–π üòÇ"
"2023/03/07 2:43:58 PM GMT+2","–ñ–µ–Ω—Å–∫–∏–π","25 - 34","–í –±—Ä–∞–∫–µ ( –≤ —Ç.—á. –≥—Ä–∞–∂–¥–∞–Ω—Å–∫–æ–º)","–ö—Ä—É–ø–Ω–µ–π—à–∏–µ (–æ—Ç 1 –º–ª–Ω –∂–∏—Ç–µ–ª–µ–π)","3","3","0","3","30","–°–æ–≤–µ—Ä—à–µ–Ω–∏–µ –ø–æ–∫—É–ø–∫–∏",""
"2023/03/07 2:46:27 PM GMT+2","–ñ–µ–Ω—Å–∫–∏–π","18 - 24","–ù–µ –∑–∞–º—É–∂–µ–º (—Ö–æ–ª–æ—Å—Ç)","–ö—Ä—É–ø–Ω–µ–π—à–∏–µ (–æ—Ç 1 –º–ª–Ω –∂–∏—Ç–µ–ª–µ–π)","2","2","1","3","30+-","–ü—Ä–æ–≤–µ—Ä–∫–∞ –±–∞–ª–∞–Ω—Å–∞","–≤—Å–µ –Ω–æ—Ä–º"
"2023/03/07 2:54:03 PM GMT+2","–ú—É–∂—Å–∫–æ–π","35 - 44","–í –±—Ä–∞–∫–µ ( –≤ —Ç.—á. –≥—Ä–∞–∂–¥–∞–Ω—Å–∫–æ–º)","–ú–∞–ª—ã–µ (–¥–æ 50 —Ç—ã—Å)","4","3","0","1","1","–ü–µ—Ä–µ–≤–æ–¥ —Å—Ä–µ–¥—Å—Ç–≤ –¥—Ä—É–≥–æ–º—É –ª–∏—Ü—É","-"
"2023/03/07 3:00:40 PM GMT+2","–ú—É–∂—Å–∫–æ–π","–ú–µ–Ω—å—à–µ 18","–í–¥–æ–≤–µ—Ü (–≤–¥–æ–≤–∞)","–°–µ–ª—å—Å–∫–∏–µ –ø–æ—Å–µ–ª–µ–Ω–∏—è (–ø–æ—Å–µ–ª–∫–∏, –¥–µ—Ä–µ–≤–Ω–∏,—Å–µ–ª–∞)","50","1","70","500","–ö–∞–∂–¥—É—é –º–∏–Ω—É—Ç—É","–í–∑—è—Ç–∏–µ –∫—Ä–µ–¥–∏—Ç–∞ ","–ë–ª–æ–∫–∏—Ä–æ–≤–∫–∏ –≤–æ–∑–º–æ–∂–Ω–æ—Å—Ç–∏ –æ—Ñ–æ—Ä–º–∏—Ç—å –∫—Ä–µ–¥–∏—Ç "
"2023/03/07 3:06:04 PM GMT+2","–ú—É–∂—Å–∫–æ–π","18 - 24","–ù–µ –∑–∞–º—É–∂–µ–º (—Ö–æ–ª–æ—Å—Ç)","–ö—Ä—É–ø–Ω–µ–π—à–∏–µ (–æ—Ç 1 –º–ª–Ω –∂–∏—Ç–µ–ª–µ–π)","2","2","0","2","30","–°–æ–≤–µ—Ä—à–µ–Ω–∏–µ –ø–æ–∫—É–ø–∫–∏","–ü–æ–∫–∞ –≤—Å–µ–≥–æ –¥–æ—Å—Ç–∞—Ç–æ—á–Ω–æ"
"2023/03/07 3:11:13 PM GMT+2","–ñ–µ–Ω—Å–∫–∏–π","18 - 24","–ù–µ –∑–∞–º—É–∂–µ–º (—Ö–æ–ª–æ—Å—Ç)","–ö—Ä—É–ø–Ω–µ–π—à–∏–µ (–æ—Ç 1 –º–ª–Ω –∂–∏—Ç–µ–ª–µ–π)","4","4","0","4","9","–°–æ–≤–µ—Ä—à–µ–Ω–∏–µ –ø–æ–∫—É–ø–∫–∏",""
"2023/03/07 3:28:58 PM GMT+2","–ñ–µ–Ω—Å–∫–∏–π","18 - 24","–í –±—Ä–∞–∫–µ ( –≤ —Ç.—á. –≥—Ä–∞–∂–¥–∞–Ω—Å–∫–æ–º)","–ö—Ä—É–ø–Ω–µ–π—à–∏–µ (–æ—Ç 1 –º–ª–Ω –∂–∏—Ç–µ–ª–µ–π)","5","1","0","3","1-50","–ü—Ä–æ–≤–µ—Ä–∫–∞ –±–∞–ª–∞–Ω—Å–∞",""
"2023/03/07 3:58:50 PM GMT+2","–ñ–µ–Ω—Å–∫–∏–π","18 - 24","–ù–µ –∑–∞–º—É–∂–µ–º (—Ö–æ–ª–æ—Å—Ç)","–ö—Ä—É–ø–Ω–µ–π—à–∏–µ (–æ—Ç 1 –º–ª–Ω –∂–∏—Ç–µ–ª–µ–π)","3","3","0","3","","–°–æ–≤–µ—Ä—à–µ–Ω–∏–µ –ø–æ–∫—É–ø–∫–∏",""
"2023/03/07 4:27:50 PM GMT+2","–ú—É–∂—Å–∫–æ–π","18 - 24","–ù–µ –∑–∞–º—É–∂–µ–º (—Ö–æ–ª–æ—Å—Ç)","–ö—Ä—É–ø–Ω–µ–π—à–∏–µ (–æ—Ç 1 –º–ª–Ω –∂–∏—Ç–µ–ª–µ–π)","2","2","2","2","5","–ü–µ—Ä–µ–≤–æ–¥ —Å—Ä–µ–¥—Å—Ç–≤ –¥—Ä—É–≥–æ–º—É –ª–∏—Ü—É","–ü—Ä–∏ –≤–≤–æ–¥–µ —Å—É–º–º—ã –¥–ª—è –ø–µ—Ä–µ–≤–æ–¥–∞ –Ω–µ —Ö–≤–∞—Ç–∞–µ—Ç –∫–Ω–æ–ø–∫–∏ ""–ø–µ—Ä–µ–≤–µ—Å—Ç–∏ –≤—Å—ë"" (–¥–ª—è –ø–µ—Ä–µ–≤–æ–¥–∞ –≤—Å–µ—Ö –¥–µ–Ω–µ–≥ —Å –∫–æ–Ω–∫—Ä–µ—Ç–Ω–æ–≥–æ —Å—á—ë—Ç–∞). –ß–∞—Å—Ç–æ –ª–µ–Ω—å —Ä—É–∫–∞–º–∏ –≤–≤–æ–¥–∏—Ç—å –≤—Å–µ —Ü–∏—Ñ—Ä—ã) "
"2023/03/07 4:36:18 PM GMT+2","–ú—É–∂—Å–∫–æ–π","18 - 24","–ù–µ –∑–∞–º—É–∂–µ–º (—Ö–æ–ª–æ—Å—Ç)","–ö—Ä—É–ø–Ω–µ–π—à–∏–µ (–æ—Ç 1 –º–ª–Ω –∂–∏—Ç–µ–ª–µ–π)","2","2","0","4","700","–°–æ–≤–µ—Ä—à–µ–Ω–∏–µ –ø–æ–∫—É–ø–∫–∏",""
"2023/03/07 8:03:33 PM GMT+2","–ú—É–∂—Å–∫–æ–π","25 - 34","–í –±—Ä–∞–∫–µ ( –≤ —Ç.—á. –≥—Ä–∞–∂–¥–∞–Ω—Å–∫–æ–º)","–ö—Ä—É–ø–Ω—ã–µ (–æ—Ç 250 —Ç—ã—Å –¥–æ 1 –º–ª–Ω)","3","3","1","3","20+","–°–æ–≤–µ—Ä—à–µ–Ω–∏–µ –ø–æ–∫—É–ø–∫–∏","Apple Pay"
"2023/03/07 10:14:04 PM GMT+2","–ú—É–∂—Å–∫–æ–π","18 - 24","–ù–µ –∑–∞–º—É–∂–µ–º (—Ö–æ–ª–æ—Å—Ç)","–ö—Ä—É–ø–Ω–µ–π—à–∏–µ (–æ—Ç 1 –º–ª–Ω –∂–∏—Ç–µ–ª–µ–π)","1","3","0","1","30","–ü—Ä–æ–≤–µ—Ä–∫–∞ –±–∞–ª–∞–Ω—Å–∞",""
"2023/03/08 6:50:56 AM GMT+2","–ú—É–∂—Å–∫–æ–π","25 - 34","–ù–µ –∑–∞–º—É–∂–µ–º (—Ö–æ–ª–æ—Å—Ç)","–ö—Ä—É–ø–Ω–µ–π—à–∏–µ (–æ—Ç 1 –º–ª–Ω –∂–∏—Ç–µ–ª–µ–π)","2","2","1","2","10","–°–æ–≤–µ—Ä—à–µ–Ω–∏–µ –ø–æ–∫—É–ø–∫–∏",""
"2023/03/08 6:55:37 AM GMT+2","–ñ–µ–Ω—Å–∫–∏–π","18 - 24","–ù–µ –∑–∞–º—É–∂–µ–º (—Ö–æ–ª–æ—Å—Ç)","–ö—Ä—É–ø–Ω—ã–µ (–æ—Ç 250 —Ç—ã—Å –¥–æ 1 –º–ª–Ω)","2","3","0","2","30","–°–æ–≤–µ—Ä—à–µ–Ω–∏–µ –ø–æ–∫—É–ø–∫–∏",""
"2023/03/08 7:00:22 AM GMT+2","–ú—É–∂—Å–∫–æ–π","25 - 34","–ù–µ –∑–∞–º—É–∂–µ–º (—Ö–æ–ª–æ—Å—Ç)","–ö—Ä—É–ø–Ω–µ–π—à–∏–µ (–æ—Ç 1 –º–ª–Ω –∂–∏—Ç–µ–ª–µ–π)","5","9","2","5","25","–°–æ–≤–µ—Ä—à–µ–Ω–∏–µ –ø–æ–∫—É–ø–∫–∏","–†–∞–±–æ—Ç—ã –¥–ª—è –ø–æ–ø–æ–ª–Ω–µ–Ω–∏—è"
"2023/03/08 7:02:34 AM GMT+2","–ú—É–∂—Å–∫–æ–π","25 - 34","–ù–µ –∑–∞–º—É–∂–µ–º (—Ö–æ–ª–æ—Å—Ç)","–ö—Ä—É–ø–Ω–µ–π—à–∏–µ (–æ—Ç 1 –º–ª–Ω –∂–∏—Ç–µ–ª–µ–π)","2","3","1","2","30","–°–æ–≤–µ—Ä—à–µ–Ω–∏–µ –ø–æ–∫—É–ø–∫–∏","–ü–æ—Ö"
"2023/03/08 8:15:16 AM GMT+2","–ú—É–∂—Å–∫–æ–π","25 - 34","–í –±—Ä–∞–∫–µ ( –≤ —Ç.—á. –≥—Ä–∞–∂–¥–∞–Ω—Å–∫–æ–º)","–ö—Ä—É–ø–Ω–µ–π—à–∏–µ (–æ—Ç 1 –º–ª–Ω –∂–∏—Ç–µ–ª–µ–π)","2","4","0","2","10","–°–æ–≤–µ—Ä—à–µ–Ω–∏–µ –ø–æ–∫—É–ø–∫–∏","—Ñ—É–Ω–∫—Ü–∏–∏ ""–û—Ç—Å—Ç–∞–Ω—å—Ç–µ —Å–æ —Å–≤–æ–∏–º–∏ –∫—Ä–µ–¥–∏—Ç–∞–º–∏!"""
"2023/03/08 9:48:40 AM GMT+2","–ñ–µ–Ω—Å–∫–∏–π","45 - 54","–í–¥–æ–≤–µ—Ü (–≤–¥–æ–≤–∞)","–°–µ–ª—å—Å–∫–∏–µ –ø–æ—Å–µ–ª–µ–Ω–∏—è (–ø–æ—Å–µ–ª–∫–∏, –¥–µ—Ä–µ–≤–Ω–∏,—Å–µ–ª–∞)","3 –±–∞–Ω–∫–∏ (–ø–æ–¥ —Å–æ–ª–µ–Ω—å—è, –≤–∞—Ä–µ–Ω—å—è –∏ –∞–Ω–∞–ª–∏–∑—ã)","–î–∏–∞–±–µ—Ç 2–æ–π —Å—Ç–µ–ø–µ–Ω–∏","–í –∫–∞—Ä—Ç—ã –Ω–µ –∏–≥—Ä–∞—é","–ö –±–∞–Ω–∫–∞–º –Ω–∏—á–µ–≥–æ –Ω–µ –ø—Ä–∏–∫–ª–∞–¥—ã–≤–∞—é, —Ö—Ä–∞–Ω—è—Ç—Å—è –≤ –ø–æ–≥—Ä–µ–±–µ","–ù–µ–æ–¥–Ω–æ–∫—Ä–∞—Ç–Ω–æ","–∞–ø–ø–µ–Ω–¥–∏—Ü–∏—Ç –¥–≤–∞–∂–¥—ã (—Å –ø–µ—Ä–≤–æ–≥–æ —Ä–∞–∑–∞ –Ω–µ –ø–æ–ª—É—á–∏–ª–æ—Å—å)","–•–æ—Ç–µ–ª–æ—Å—å –±—ã –≥–∞–∑–æ–≤–æ–µ –æ—Ç–æ–ø–ª–µ–Ω–∏–µ –≤ –¥–æ–º"